postcode_district,population
AL1,"36,180"
AL10,"35,900"
AL2,"23,604"
AL3,"28,462"
AL4,"27,268"
AL5,"30,240"
AL6,"11,222"
AL7,"33,890"
AL8,"13,252"
AL9,"10,409"
B1,"7,989"
B10,"25,908"
B11,"44,704"
B12,"20,755"
B13,"36,817"
B14,"43,413"
B15,"18,221"
B16,"23,770"
B17,"25,563"
B18,"16,283"
B19,"20,068"
B2,616
B20,"34,089"
B21,"30,326"
B23,"42,870"
B24,"28,870"
B25,"16,005"
B26,"32,826"
B27,"24,834"
B28,"30,036"
B29,"42,024"
B3,"2,574"
B30,"29,084"
B31,"54,302"
B32,"38,518"
B33,"34,513"
B34,"19,327"
B35,"9,971"
B36,"34,751"
B37,"35,728"
B38,"21,354"
B4,"4,683"
B42,"24,367"
B43,"28,441"
B44,"37,091"
B45,"30,185"
B46,"12,072"
B47,"9,355"
B48,"5,796"
B49,"10,189"
B5,"11,983"
B50,"5,350"
B6,"19,664"
B60,"27,951"
B61,"23,470"
B62,"24,401"
B63,"36,431"
B64,"16,528"
B65,"23,770"
B66,"21,334"
B67,"30,387"
B68,"30,588"
B69,"28,958"
B7,"8,546"
B70,"27,992"
B71,"30,990"
B72,"9,569"
B73,"22,801"
B74,"32,470"
B75,"26,687"
B76,"21,651"
B77,"57,313"
B78,"24,374"
B79,"22,126"
B8,"41,929"
B80,"7,060"
B9,"24,903"
B90,"45,359"
B91,"33,166"
B92,"37,245"
B93,"19,706"
B94,"7,380"
B95,"5,663"
B96,"5,073"
B97,"33,494"
B98,"50,058"
BA1,"40,723"
BA10,"3,739"
BA11,"32,454"
BA12,"28,508"
BA13,"20,224"
BA14,"48,138"
BA15,"13,139"
BA16,"13,041"
BA2,"73,752"
BA20,"10,865"
BA21,"33,619"
BA22,"18,166"
BA3,"34,710"
BA4,"17,775"
BA5,"17,534"
BA6,"12,870"
BA7,"3,514"
BA8,"4,153"
BA9,"7,242"
BB1,"66,545"
BB10,"37,432"
BB11,"22,221"
BB12,"34,613"
BB18,"17,179"
BB2,"59,924"
BB3,"34,503"
BB4,"41,401"
BB5,"61,102"
BB6,"14,659"
BB7,"31,699"
BB8,"23,041"
BB9,"44,598"
BD1,"3,836"
BD10,"25,882"
BD11,"11,355"
BD12,"16,685"
BD13,"24,979"
BD14,"8,871"
BD15,"15,316"
BD16,"25,803"
BD17,"17,901"
BD18,"27,258"
BD19,"22,019"
BD2,"28,566"
BD20,"35,315"
BD21,"27,133"
BD22,"29,849"
BD23,"29,329"
BD24,"5,131"
BD3,"34,021"
BD4,"31,218"
BD5,"31,641"
BD6,"30,072"
BD7,"35,345"
BD8,"31,502"
BD9,"29,309"
BH1,"19,304"
BH10,"20,062"
BH11,"19,910"
BH12,"35,271"
BH13,"8,321"
BH14,"23,432"
BH15,"33,052"
BH16,"15,835"
BH17,"22,983"
BH18,"11,128"
BH19,"11,517"
BH2,"8,345"
BH20,"19,954"
BH21,"40,571"
BH22,"26,791"
BH23,"52,818"
BH24,"23,595"
BH25,"25,717"
BH3,"5,740"
BH31,"13,360"
BH4,"9,382"
BH5,"11,246"
BH6,"22,199"
BH7,"11,820"
BH8,"28,015"
BH9,"31,619"
BL0,"17,753"
BL1,"63,799"
BL2,"45,533"
BL3,"64,278"
BL4,"33,450"
BL5,"27,040"
BL6,"29,428"
BL7,"14,959"
BL8,"35,797"
BL9,"48,222"
BN1,"84,775"
BN10,"18,579"
BN11,"33,278"
BN12,"20,127"
BN13,"27,536"
BN14,"30,736"
BN15,"27,371"
BN16,"28,334"
BN17,"28,292"
BN18,"13,468"
BN2,"92,743"
BN20,"20,951"
BN21,"25,775"
BN22,"32,246"
BN23,"28,302"
BN24,"9,291"
BN25,"23,571"
BN26,"11,426"
BN27,"26,842"
BN3,"79,513"
BN41,"20,915"
BN42,"9,991"
BN43,"22,492"
BN44,"10,125"
BN45,669
BN5,"7,106"
BN6,"17,400"
BN7,"21,190"
BN8,"16,310"
BN9,"13,477"
BR1,"56,331"
BR2,"44,840"
BR3,"47,324"
BR4,"18,986"
BR5,"45,712"
BR6,"46,828"
BR7,"17,300"
BR8,"21,972"
BS1,"11,991"
BS10,"27,605"
BS11,"17,354"
BS13,"29,585"
BS14,"28,155"
BS15,"47,327"
BS16,"75,908"
BS2,"15,599"
BS20,"30,003"
BS21,"23,283"
BS22,"37,442"
BS23,"33,996"
BS24,"18,841"
BS25,"6,232"
BS26,"5,127"
BS27,"7,081"
BS28,"3,318"
BS29,"2,919"
BS3,"36,761"
BS30,"30,360"
BS31,"20,000"
BS32,"24,758"
BS34,"29,790"
BS35,"21,640"
BS36,"15,443"
BS37,"38,061"
BS39,"15,463"
BS4,"47,959"
BS40,"12,786"
BS41,"6,083"
BS48,"23,408"
BS49,"11,951"
BS5,"52,343"
BS6,"33,681"
BS7,"40,933"
BS8,"26,102"
BS9,"30,953"
CA1,"24,260"
CA10,"13,623"
CA11,"22,359"
CA12,"8,026"
CA13,"15,006"
CA14,"35,799"
CA15,"16,218"
CA16,"6,175"
CA17,"4,873"
CA18,328
CA19,"1,069"
CA2,"39,435"
CA20,"3,355"
CA21,"1,017"
CA22,"8,887"
CA23,"1,424"
CA24,"1,266"
CA25,"6,183"
CA26,"3,868"
CA27,"1,644"
CA28,"28,592"
CA3,"14,015"
CA4,"9,679"
CA5,"7,114"
CA6,"9,094"
CA7,"22,533"
CA8,"10,314"
CA9,"2,088"
CB1,"49,238"
CB10,"13,497"
CB11,"18,047"
CB2,"18,538"
CB21,"15,626"
CB22,"24,025"
CB23,"30,885"
CB24,"33,040"
CB25,"18,264"
CB3,"16,270"
CB4,"41,898"
CB5,"11,036"
CB6,"38,375"
CB7,"26,616"
CB8,"33,241"
CB9,"32,871"
CH1,"30,560"
CH2,"34,321"
CH3,"32,010"
CH4,"32,297"
CH41,"18,667"
CH42,"31,056"
CH43,"38,916"
CH44,"29,914"
CH45,"30,855"
CH46,"25,480"
CH47,"10,909"
CH48,"15,206"
CH49,"28,777"
CH5,"42,525"
CH6,"17,118"
CH60,"13,084"
CH61,"17,590"
CH62,"28,732"
CH63,"30,597"
CH64,"18,921"
CH65,"26,371"
CH66,"35,092"
CH7,"50,066"
CH8,"20,679"
CM0,"16,003"
CM1,"62,862"
CM11,"19,001"
CM12,"19,822"
CM13,"24,494"
CM14,"19,746"
CM15,"23,406"
CM16,"22,096"
CM17,"21,296"
CM18,"24,425"
CM19,"18,811"
CM2,"58,252"
CM20,"21,400"
CM21,"10,838"
CM22,"13,232"
CM23,"40,615"
CM24,"6,669"
CM3,"54,108"
CM4,"10,181"
CM5,"10,581"
CM6,"25,184"
CM7,"48,743"
CM77,"15,395"
CM8,"32,807"
CM9,"33,525"
CO1,"14,988"
CO10,"46,329"
CO11,"12,950"
CO12,"22,215"
CO13,"12,110"
CO14,"6,735"
CO15,"43,054"
CO16,"24,196"
CO2,"35,114"
CO3,"28,117"
CO4,"48,002"
CO5,"28,199"
CO6,"28,893"
CO7,"32,953"
CO8,"2,303"
CO9,"25,260"
CR0,"154,233"
CR2,"48,467"
CR3,"28,539"
CR4,"58,802"
CR5,"28,862"
CR6,"9,843"
CR7,"44,691"
CR8,"32,545"
CT1,"30,755"
CT10,"24,903"
CT11,"29,206"
CT12,"17,826"
CT13,"8,901"
CT14,"35,056"
CT15,"13,238"
CT16,"19,623"
CT17,"22,086"
CT18,"13,909"
CT19,"28,867"
CT2,"30,718"
CT20,"22,470"
CT21,"17,147"
CT3,"17,284"
CT4,"16,633"
CT5,"33,068"
CT6,"38,563"
CT7,"11,459"
CT8,"7,338"
CT9,"43,454"
CV1,"31,181"
CV10,"49,883"
CV11,"39,428"
CV12,"31,606"
CV13,"10,714"
CV2,"63,206"
CV21,"35,590"
CV22,"35,333"
CV23,"21,836"
CV3,"63,323"
CV31,"31,530"
CV32,"32,696"
CV33,"6,103"
CV34,"31,345"
CV35,"24,609"
CV36,"9,286"
CV37,"40,998"
CV4,"33,370"
CV47,"16,967"
CV5,"45,968"
CV6,"86,522"
CV7,"28,078"
CV8,"31,031"
CV9,"21,204"
CW1,"42,379"
CW10,"14,361"
CW11,"22,615"
CW12,"29,225"
CW2,"41,120"
CW3,"9,079"
CW4,"9,378"
CW5,"29,281"
CW6,"12,160"
CW7,"31,454"
CW8,"35,290"
CW9,"33,147"
DA1,"52,687"
DA10,"6,746"
DA11,"38,059"
DA12,"47,392"
DA13,"14,449"
DA14,"21,183"
DA15,"29,427"
DA16,"35,912"
DA17,"17,104"
DA18,"4,939"
DA2,"22,994"
DA3,"16,748"
DA4,"9,062"
DA5,"20,824"
DA6,"9,846"
DA7,"35,540"
DA8,"34,559"
DA9,"13,089"
DE1,"13,807"
DE11,"43,809"
DE12,"20,462"
DE13,"40,596"
DE14,"28,844"
DE15,"24,192"
DE21,"57,016"
DE22,"46,544"
DE23,"59,900"
DE24,"54,523"
DE3,"17,008"
DE4,"33,166"
DE45,"8,676"
DE5,"22,033"
DE55,"51,224"
DE56,"40,374"
DE6,"25,593"
DE65,"23,456"
DE7,"49,916"
DE72,"20,225"
DE73,"19,052"
DE74,"11,491"
DE75,"18,713"
DH1,"49,865"
DH2,"30,427"
DH3,"25,904"
DH4,"33,471"
DH5,"19,534"
DH6,"33,392"
DH7,"41,375"
DH8,"38,551"
DH9,"36,692"
DL1,"46,371"
DL10,"18,424"
DL11,"5,308"
DL12,"12,407"
DL13,"14,158"
DL14,"37,072"
DL15,"22,497"
DL16,"19,816"
DL17,"17,672"
DL2,"16,980"
DL3,"44,712"
DL4,"9,976"
DL5,"29,340"
DL6,"15,515"
DL7,"16,218"
DL8,"18,650"
DL9,"15,859"
DN1,"8,735"
DN10,"12,086"
DN11,"28,352"
DN12,"24,119"
DN14,"46,242"
DN15,"36,603"
DN16,"31,667"
DN17,"37,188"
DN18,"11,717"
DN19,"6,282"
DN2,"24,551"
DN20,"19,187"
DN21,"37,221"
DN22,"36,086"
DN3,"30,069"
DN31,"9,619"
DN32,"30,257"
DN33,"19,538"
DN34,"19,001"
DN35,"34,561"
DN36,"19,103"
DN37,"21,745"
DN38,"3,023"
DN39,"2,846"
DN4,"53,415"
DN40,"12,299"
DN41,"6,266"
DN5,"40,864"
DN6,"31,148"
DN7,"24,610"
DN8,"17,295"
DN9,"20,018"
DT1,"19,060"
DT10,"11,841"
DT11,"30,156"
DT2,"24,826"
DT3,"23,138"
DT4,"37,293"
DT5,"12,844"
DT6,"21,559"
DT7,"5,696"
DT8,"6,000"
DT9,"20,790"
DY1,"32,131"
DY10,"35,814"
DY11,"30,077"
DY12,"12,305"
DY13,"22,209"
DY14,"8,529"
DY2,"34,461"
DY3,"33,730"
DY4,"42,846"
DY5,"41,898"
DY6,"27,489"
DY7,"8,300"
DY8,"50,737"
DY9,"30,072"
E1,"70,389"
E10,"43,120"
E11,"54,689"
E12,"42,606"
E13,"47,169"
E14,"82,638"
E15,"51,650"
E16,"45,371"
E17,"103,129"
E18,"19,864"
E1W,"12,428"
E2,"45,811"
E3,"52,371"
E4,"60,357"
E5,"48,492"
E6,"78,790"
E7,"54,133"
E8,"39,260"
E9,"37,768"
EC1A,894
EC1M,"2,473"
EC1N,"2,650"
EC1R,"4,885"
EC1V,"12,765"
EC1Y,"3,767"
EC2A,"1,229"
EC2Y,"3,249"
EC3R,227
EC4A,151
EC4V,595
EC4Y,320
EN1,"44,997"
EN10,"17,036"
EN11,"21,451"
EN2,"29,709"
EN3,"57,073"
EN4,"25,578"
EN5,"38,071"
EN6,"29,010"
EN7,"22,050"
EN8,"35,826"
EN9,"23,633"
EX1,"21,521"
EX10,"17,207"
EX11,"7,795"
EX12,"9,416"
EX13,"11,329"
EX14,"20,687"
EX15,"21,313"
EX16,"32,440"
EX17,"19,539"
EX18,"3,117"
EX19,"3,525"
EX2,"40,698"
EX20,"19,966"
EX21,"4,620"
EX22,"10,745"
EX23,"15,704"
EX24,"3,789"
EX3,"4,940"
EX31,"25,475"
EX32,"23,778"
EX33,"10,224"
EX34,"17,306"
EX35,"1,647"
EX36,"8,477"
EX37,"3,362"
EX38,"8,132"
EX39,"37,163"
EX4,"54,711"
EX5,"18,568"
EX6,"13,673"
EX7,"12,432"
EX8,"37,449"
EX9,"6,763"
FY1,"33,634"
FY2,"24,559"
FY3,"31,955"
FY4,"43,664"
FY5,"44,816"
FY6,"28,003"
FY7,"25,939"
FY8,"44,053"
GL1,"34,152"
GL10,"13,953"
GL11,"18,139"
GL12,"15,045"
GL13,"5,863"
GL14,"15,722"
GL15,"20,743"
GL16,"13,381"
GL17,"11,180"
GL18,"7,493"
GL19,"9,803"
GL2,"51,819"
GL20,"28,233"
GL3,"30,492"
GL4,"47,808"
GL5,"31,040"
GL50,"22,496"
GL51,"51,520"
GL52,"43,265"
GL53,"19,755"
GL54,"22,146"
GL55,"5,422"
GL56,"8,403"
GL6,"24,460"
GL7,"42,280"
GL8,"8,541"
GL9,"2,667"
GU1,"29,169"
GU10,"22,238"
GU11,"23,292"
GU12,"31,479"
GU14,"54,994"
GU15,"34,778"
GU16,"23,767"
GU17,"11,101"
GU18,"6,791"
GU19,"5,592"
GU2,"34,172"
GU20,"4,392"
GU21,"49,738"
GU22,"33,400"
GU23,"6,869"
GU24,"17,845"
GU25,"5,448"
GU26,"7,475"
GU27,"17,725"
GU28,"6,650"
GU29,"9,094"
GU3,"11,071"
GU30,"9,081"
GU31,"11,223"
GU32,"11,969"
GU33,"8,442"
GU34,"29,783"
GU35,"23,068"
GU4,"15,894"
GU46,"14,829"
GU47,"18,862"
GU5,"11,220"
GU51,"23,604"
GU52,"15,953"
GU6,"14,204"
GU7,"22,824"
GU8,"17,648"
GU9,"29,684"
HA0,"48,358"
HA1,"39,209"
HA2,"55,268"
HA3,"69,554"
HA4,"50,175"
HA5,"44,985"
HA6,"21,984"
HA7,"37,197"
HA8,"66,378"
HA9,"47,845"
HD1,"22,962"
HD2,"29,503"
HD3,"29,289"
HD4,"30,275"
HD5,"31,056"
HD6,"27,344"
HD7,"22,676"
HD8,"34,320"
HD9,"35,389"
HG1,"34,201"
HG2,"33,473"
HG3,"26,400"
HG4,"25,852"
HG5,"18,417"
HP1,"24,413"
HP10,"18,965"
HP11,"13,505"
HP12,"22,822"
HP13,"43,059"
HP14,"17,723"
HP15,"17,428"
HP16,"11,846"
HP17,"10,044"
HP18,"13,522"
HP19,"23,757"
HP2,"38,432"
HP20,"14,908"
HP21,"33,355"
HP22,"24,698"
HP23,"17,459"
HP27,"12,211"
HP3,"32,094"
HP4,"23,973"
HP5,"25,390"
HP6,"14,150"
HP7,"10,625"
HP8,"6,819"
HP9,"17,153"
HR1,"31,885"
HR2,"39,121"
HR3,"7,756"
HR4,"30,339"
HR5,"4,670"
HR6,"20,493"
HR7,"7,155"
HR8,"14,015"
HR9,"21,059"
HU1,"3,294"
HU10,"19,057"
HU11,"11,858"
HU12,"25,596"
HU13,"15,000"
HU14,"8,278"
HU15,"24,147"
HU16,"16,466"
HU17,"43,499"
HU18,"8,774"
HU19,"7,135"
HU2,"4,017"
HU20,"1,015"
HU3,"27,335"
HU4,"23,208"
HU5,"51,064"
HU6,"33,975"
HU7,"42,282"
HU8,"34,815"
HU9,"42,408"
HX1,"24,131"
HX2,"35,876"
HX3,"45,943"
HX4,"12,176"
HX5,"10,261"
HX6,"18,688"
HX7,"13,303"
IG1,"64,550"
IG10,"31,527"
IG11,"53,359"
IG2,"28,968"
IG3,"36,068"
IG4,"8,912"
IG5,"17,014"
IG6,"26,769"
IG7,"20,397"
IG8,"35,245"
IG9,"12,885"
IP1,"39,543"
IP10,"3,058"
IP11,"29,296"
IP12,"24,397"
IP13,"18,132"
IP14,"39,003"
IP15,"2,466"
IP16,"6,546"
IP17,"10,784"
IP18,"4,060"
IP19,"10,281"
IP2,"31,133"
IP20,"7,792"
IP21,"11,220"
IP22,"21,876"
IP23,"7,010"
IP24,"27,825"
IP25,"18,213"
IP26,"8,945"
IP27,"19,013"
IP28,"24,498"
IP29,"9,017"
IP3,"34,573"
IP30,"13,574"
IP31,"21,299"
IP32,"17,091"
IP33,"24,205"
IP4,"36,366"
IP5,"19,649"
IP6,"16,179"
IP7,"16,621"
IP8,"10,920"
IP9,"11,349"
KT1,"23,898"
KT10,"20,893"
KT11,"14,980"
KT12,"36,834"
KT13,"21,292"
KT14,"13,350"
KT15,"27,373"
KT16,"18,462"
KT17,"23,302"
KT18,"17,445"
KT19,"34,098"
KT2,"30,450"
KT20,"20,559"
KT21,"13,726"
KT22,"24,154"
KT23,"10,694"
KT24,"9,515"
KT3,"38,508"
KT4,"28,910"
KT5,"20,419"
KT6,"31,422"
KT7,"10,365"
KT8,"19,646"
KT9,"21,369"
L1,"7,074"
L10,"15,093"
L11,"25,226"
L12,"31,797"
L13,"30,565"
L14,"25,142"
L15,"30,009"
L16,"15,115"
L17,"24,159"
L18,"28,413"
L19,"23,729"
L2,566
L20,"31,565"
L21,"25,556"
L22,"13,793"
L23,"30,221"
L24,"15,964"
L25,"33,447"
L26,"15,150"
L27,"6,427"
L28,"6,274"
L29,404
L3,"17,830"
L30,"19,872"
L31,"30,801"
L32,"20,447"
L33,"16,939"
L34,"12,015"
L35,"31,064"
L36,"39,929"
L37,"23,542"
L38,"2,579"
L39,"28,676"
L4,"40,268"
L40,"18,033"
L5,"12,448"
L6,"23,727"
L7,"18,006"
L8,"32,577"
L9,"32,637"
LA1,"52,049"
LA10,"4,002"
LA11,"9,673"
LA12,"20,194"
LA13,"18,812"
LA14,"38,513"
LA15,"7,827"
LA16,"3,462"
LA17,"1,174"
LA18,"9,070"
LA19,972
LA2,"22,304"
LA20,"1,159"
LA21,928
LA22,"4,943"
LA23,"9,137"
LA3,"24,447"
LA4,"26,392"
LA5,"16,416"
LA6,"12,506"
LA7,"5,317"
LA8,"9,008"
LA9,"30,399"
LE1,"13,308"
LE10,"47,474"
LE11,"60,367"
LE12,"62,122"
LE13,"27,158"
LE14,"17,321"
LE15,"32,325"
LE16,"34,975"
LE17,"20,648"
LE18,"32,861"
LE19,"14,762"
LE2,"119,026"
LE3,"100,913"
LE4,"97,057"
LE5,"85,435"
LE6,"12,073"
LE65,"14,025"
LE67,"58,904"
LE7,"44,781"
LE8,"35,013"
LE9,"55,247"
LN1,"28,362"
LN10,"5,985"
LN11,"28,222"
LN12,"13,221"
LN13,"7,766"
LN2,"38,637"
LN3,"8,895"
LN4,"38,658"
LN5,"32,187"
LN6,"58,349"
LN7,"6,070"
LN8,"17,283"
LN9,"9,675"
LS1,"5,759"
LS10,"35,534"
LS11,"34,795"
LS12,"40,949"
LS13,"35,021"
LS14,"34,484"
LS15,"34,991"
LS16,"36,457"
LS17,"43,426"
LS18,"18,895"
LS19,"19,835"
LS2,"10,120"
LS20,"12,663"
LS21,"17,729"
LS22,"15,791"
LS23,"9,207"
LS24,"11,849"
LS25,"39,917"
LS26,"30,021"
LS27,"35,695"
LS28,"37,896"
LS29,"31,456"
LS3,"2,876"
LS4,"9,072"
LS5,"8,507"
LS6,"48,277"
LS7,"28,266"
LS8,"48,286"
LS9,"36,406"
LU1,"43,355"
LU2,"56,890"
LU3,"60,550"
LU4,"52,069"
LU5,"38,285"
LU6,"30,833"
LU7,"53,968"
M1,"12,221"
M11,"20,443"
M12,"16,176"
M13,"23,961"
M14,"52,820"
M15,"22,310"
M16,"35,721"
M18,"23,267"
M19,"34,586"
M20,"48,595"
M21,"29,583"
M22,"42,371"
M23,"30,949"
M24,"46,748"
M25,"31,475"
M26,"34,813"
M27,"42,069"
M28,"39,425"
M29,"22,896"
M3,"11,709"
M30,"35,983"
M31,"8,395"
M32,"28,586"
M33,"60,474"
M34,"46,290"
M35,"20,680"
M38,"12,958"
M4,"10,740"
M40,"40,857"
M41,"41,481"
M43,"23,255"
M44,"19,689"
M45,"22,722"
M46,"22,203"
M5,"15,729"
M50,"3,449"
M6,"31,974"
M60,"1,437"
M7,"27,746"
M8,"31,098"
M9,"39,518"
ME1,"31,192"
ME10,"47,582"
ME11,"3,407"
ME12,"36,884"
ME13,"27,959"
ME14,"31,714"
ME15,"47,659"
ME16,"30,046"
ME17,"22,389"
ME18,"6,803"
ME19,"21,797"
ME2,"39,529"
ME20,"20,645"
ME3,"26,184"
ME4,"30,191"
ME5,"51,409"
ME6,"10,211"
ME7,"51,775"
ME8,"49,214"
ME9,"20,553"
MK1,585
MK10,"13,825"
MK11,"7,736"
MK12,"12,492"
MK13,"18,860"
MK14,"18,700"
MK15,"7,205"
MK16,"18,500"
MK17,"17,229"
MK18,"30,663"
MK19,"11,258"
MK2,"14,316"
MK3,"22,625"
MK4,"21,867"
MK40,"31,009"
MK41,"42,537"
MK42,"44,558"
MK43,"32,983"
MK44,"15,317"
MK45,"43,049"
MK46,"9,126"
MK5,"15,438"
MK6,"28,113"
MK7,"14,559"
MK8,"12,062"
MK9,"3,366"
N1,"91,056"
N10,"27,992"
N11,"29,879"
N12,"28,898"
N13,"31,783"
N14,"29,956"
N15,"43,718"
N16,"68,567"
N17,"63,538"
N18,"31,742"
N19,"33,752"
N2,"23,968"
N20,"19,024"
N21,"23,500"
N22,"42,851"
N3,"26,534"
N4,"47,291"
N5,"24,287"
N6,"19,474"
N7,"48,157"
N8,"40,037"
N9,"52,193"
NE1,"9,051"
NE10,"36,221"
NE11,"16,459"
NE12,"35,096"
NE13,"12,851"
NE15,"32,691"
NE16,"25,674"
NE17,"4,669"
NE18,927
NE19,"2,273"
NE2,"29,529"
NE20,"11,873"
NE21,"17,276"
NE22,"17,884"
NE23,"39,233"
NE24,"38,076"
NE25,"29,808"
NE26,"19,326"
NE27,"12,024"
NE28,"44,749"
NE29,"35,613"
NE3,"53,050"
NE30,"22,333"
NE31,"20,130"
NE32,"25,389"
NE33,"27,069"
NE34,"52,479"
NE35,"6,428"
NE36,"6,854"
NE37,"21,056"
NE38,"31,101"
NE39,"8,575"
NE4,"37,437"
NE40,"15,635"
NE41,"2,197"
NE42,"12,607"
NE43,"4,523"
NE44,966
NE45,"3,672"
NE46,"15,537"
NE47,"7,917"
NE48,"4,294"
NE49,"4,344"
NE5,"49,103"
NE6,"51,027"
NE61,"31,269"
NE62,"9,636"
NE63,"27,789"
NE64,"6,308"
NE65,"20,764"
NE66,"17,590"
NE67,834
NE68,"1,959"
NE69,414
NE7,"15,468"
NE70,"1,754"
NE71,"2,949"
NE8,"33,430"
NE9,"37,508"
NG1,"12,897"
NG10,"46,649"
NG11,"37,499"
NG12,"33,165"
NG13,"21,384"
NG14,"19,439"
NG15,"40,698"
NG16,"63,551"
NG17,"72,786"
NG18,"41,526"
NG19,"52,276"
NG2,"58,609"
NG20,"26,190"
NG21,"22,181"
NG22,"26,293"
NG23,"17,245"
NG24,"44,805"
NG25,"8,913"
NG3,"48,188"
NG31,"44,341"
NG32,"12,428"
NG33,"9,859"
NG34,"41,202"
NG4,"40,835"
NG5,"87,555"
NG6,"37,485"
NG7,"58,012"
NG8,"63,961"
NG9,"73,213"
NN1,"29,834"
NN10,"38,231"
NN11,"37,442"
NN12,"23,027"
NN13,"18,728"
NN14,"43,269"
NN15,"33,965"
NN16,"30,143"
NN17,"26,709"
NN18,"32,911"
NN2,"38,139"
NN29,"11,520"
NN3,"68,586"
NN4,"46,714"
NN5,"38,050"
NN6,"33,324"
NN7,"27,299"
NN8,"49,047"
NN9,"26,277"
NR1,"24,791"
NR10,"22,812"
NR11,"17,681"
NR12,"20,435"
NR13,"26,689"
NR14,"23,747"
NR15,"15,806"
NR16,"11,953"
NR17,"15,772"
NR18,"17,556"
NR19,"20,359"
NR2,"25,951"
NR20,"19,331"
NR21,"15,815"
NR22,819
NR23,"3,009"
NR24,"4,462"
NR25,"8,878"
NR26,"8,299"
NR27,"11,733"
NR28,"17,532"
NR29,"19,924"
NR3,"32,971"
NR30,"30,701"
NR31,"49,914"
NR32,"38,657"
NR33,"39,467"
NR34,"22,269"
NR35,"10,894"
NR4,"21,522"
NR5,"29,288"
NR6,"23,908"
NR7,"31,811"
NR8,"20,486"
NR9,"16,845"
NW1,"60,339"
NW10,"91,997"
NW11,"32,684"
NW2,"66,968"
NW3,"51,891"
NW4,"31,932"
NW5,"31,125"
NW6,"63,903"
NW7,"25,670"
NW8,"34,353"
NW9,"60,545"
OL1,"21,480"
OL10,"27,794"
OL11,"45,812"
OL12,"45,667"
OL13,"15,099"
OL14,"15,481"
OL15,"14,461"
OL16,"37,825"
OL2,"42,349"
OL3,"14,997"
OL4,"45,060"
OL5,"10,921"
OL6,"28,793"
OL7,"16,763"
OL8,"39,046"
OL9,"41,285"
OX1,"25,623"
OX10,"26,363"
OX11,"33,102"
OX12,"25,264"
OX13,"13,459"
OX14,"44,510"
OX15,"18,099"
OX16,"46,853"
OX17,"16,975"
OX18,"25,301"
OX2,"39,695"
OX20,"4,734"
OX25,"9,619"
OX26,"33,494"
OX27,"6,517"
OX28,"27,522"
OX29,"23,060"
OX3,"43,437"
OX33,"7,623"
OX39,"6,881"
OX4,"61,972"
OX44,"8,307"
OX49,"4,324"
OX5,"23,419"
OX7,"22,852"
OX9,"13,822"
PE1,"49,173"
PE10,"21,906"
PE11,"43,230"
PE12,"39,782"
PE13,"34,893"
PE14,"20,803"
PE15,"29,915"
PE16,"10,453"
PE19,"43,968"
PE2,"44,540"
PE20,"13,986"
PE21,"42,787"
PE22,"16,919"
PE23,"8,507"
PE24,"11,830"
PE25,"21,638"
PE26,"11,945"
PE27,"20,015"
PE28,"47,574"
PE29,"29,782"
PE3,"28,897"
PE30,"43,989"
PE31,"20,003"
PE32,"15,294"
PE33,"15,945"
PE34,"14,384"
PE36,"6,529"
PE37,"10,224"
PE38,"14,809"
PE4,"28,361"
PE5,"1,589"
PE6,"35,553"
PE7,"42,311"
PE8,"17,500"
PE9,"31,189"
PL1,"22,698"
PL10,"3,656"
PL11,"10,359"
PL12,"21,787"
PL13,"9,438"
PL14,"22,966"
PL15,"19,907"
PL16,"1,753"
PL17,"10,022"
PL18,"4,810"
PL19,"16,423"
PL2,"31,458"
PL20,"12,081"
PL21,"17,389"
PL22,"3,695"
PL23,"3,519"
PL24,"10,156"
PL25,"25,551"
PL26,"26,673"
PL27,"12,227"
PL28,"4,434"
PL29,"1,029"
PL3,"30,951"
PL30,"10,557"
PL31,"14,736"
PL32,"4,326"
PL33,"1,647"
PL34,"1,782"
PL35,940
PL4,"36,464"
PL5,"42,916"
PL6,"41,200"
PL7,"31,474"
PL8,"5,734"
PL9,"27,961"
PO1,"28,841"
PO10,"18,360"
PO11,"17,379"
PO12,"47,846"
PO13,"34,776"
PO14,"32,177"
PO15,"22,884"
PO16,"32,656"
PO17,"6,527"
PO18,"13,017"
PO19,"30,245"
PO2,"42,043"
PO20,"32,121"
PO21,"40,302"
PO22,"28,350"
PO3,"19,286"
PO30,"30,309"
PO31,"14,398"
PO32,"8,101"
PO33,"31,007"
PO34,"2,083"
PO35,"3,688"
PO36,"16,958"
PO37,"9,072"
PO38,"12,547"
PO39,"2,645"
PO4,"44,069"
PO40,"5,436"
PO41,"2,021"
PO5,"29,923"
PO6,"40,563"
PO7,"40,172"
PO8,"33,840"
PO9,"48,689"
PR1,"71,549"
PR2,"79,208"
PR25,"30,781"
PR26,"15,588"
PR3,"37,971"
PR4,"57,595"
PR5,"41,203"
PR6,"34,691"
PR7,"55,452"
PR8,"53,618"
PR9,"42,900"
RG1,"42,332"
RG10,"18,256"
RG12,"51,883"
RG14,"37,838"
RG17,"15,094"
RG18,"19,056"
RG19,"17,656"
RG2,"37,616"
RG20,"18,884"
RG21,"26,927"
RG22,"41,762"
RG23,"12,269"
RG24,"31,256"
RG25,"8,705"
RG26,"22,133"
RG27,"21,026"
RG28,"5,786"
RG29,"7,143"
RG30,"44,131"
RG31,"27,276"
RG4,"39,134"
RG40,"26,480"
RG41,"28,226"
RG42,"26,041"
RG45,"14,565"
RG5,"25,235"
RG6,"37,937"
RG7,"31,944"
RG8,"18,932"
RG9,"23,154"
RH1,"46,125"
RH10,"65,219"
RH11,"55,816"
RH12,"43,776"
RH13,"38,108"
RH14,"14,087"
RH15,"31,545"
RH16,"33,550"
RH17,"19,263"
RH18,"4,453"
RH19,"33,479"
RH2,"26,229"
RH20,"24,968"
RH3,"4,366"
RH4,"15,479"
RH5,"16,545"
RH6,"29,317"
RH7,"9,222"
RH8,"15,546"
RH9,"5,443"
RM1,"19,610"
RM10,"38,181"
RM11,"31,777"
RM12,"34,240"
RM13,"28,916"
RM14,"27,030"
RM15,"27,446"
RM16,"41,136"
RM17,"27,405"
RM18,"16,664"
RM19,"6,527"
RM2,"13,184"
RM20,"4,877"
RM3,"40,387"
RM4,"4,191"
RM5,"18,344"
RM6,"32,702"
RM7,"28,931"
RM8,"39,073"
RM9,"36,203"
S1,"10,651"
S10,"47,408"
S11,"34,383"
S12,"34,342"
S13,"30,670"
S14,"9,665"
S17,"15,586"
S18,"24,729"
S2,"44,529"
S20,"31,382"
S21,"21,030"
S25,"21,101"
S26,"25,888"
S3,"19,330"
S32,"5,697"
S33,"4,961"
S35,"41,401"
S36,"27,347"
S4,"14,465"
S40,"35,398"
S41,"36,402"
S42,"28,228"
S43,"40,349"
S44,"21,700"
S45,"13,622"
S5,"59,868"
S6,"58,252"
S60,"37,295"
S61,"35,820"
S62,"19,976"
S63,"38,096"
S64,"30,696"
S65,"35,575"
S66,"46,183"
S7,"17,436"
S70,"38,839"
S71,"44,892"
S72,"25,354"
S73,"27,014"
S74,"17,710"
S75,"43,598"
S8,"46,174"
S80,"30,032"
S81,"37,344"
S9,"28,089"
SE1,"67,037"
SE10,"23,987"
SE11,"21,974"
SE12,"27,143"
SE13,"42,278"
SE14,"24,679"
SE15,"64,359"
SE16,"44,957"
SE17,"33,591"
SE18,"77,384"
SE19,"27,650"
SE2,"27,104"
SE20,"22,881"
SE21,"15,259"
SE22,"29,738"
SE23,"33,489"
SE24,"18,914"
SE25,"34,686"
SE26,"28,378"
SE27,"21,836"
SE28,"29,488"
SE3,"31,790"
SE4,"28,723"
SE5,"46,256"
SE6,"53,271"
SE7,"21,139"
SE8,"27,859"
SE9,"62,852"
SG1,"51,250"
SG10,"2,087"
SG11,"7,969"
SG12,"30,067"
SG13,"16,643"
SG14,"18,798"
SG15,"5,584"
SG16,"6,110"
SG17,"12,203"
SG18,"24,128"
SG19,"24,097"
SG2,"42,112"
SG3,"7,068"
SG4,"29,212"
SG5,"31,407"
SG6,"33,249"
SG7,"13,276"
SG8,"38,277"
SG9,"9,374"
SK1,"11,550"
SK10,"39,804"
SK11,"36,547"
SK12,"19,072"
SK13,"33,090"
SK14,"46,233"
SK15,"27,424"
SK16,"19,645"
SK17,"32,207"
SK2,"28,909"
SK22,"12,230"
SK23,"17,125"
SK3,"28,387"
SK4,"34,804"
SK5,"29,154"
SK6,"50,813"
SK7,"40,454"
SK8,"58,346"
SK9,"38,001"
SL0,"11,119"
SL1,"70,804"
SL2,"53,290"
SL3,"45,163"
SL4,"43,347"
SL5,"23,870"
SL6,"77,837"
SL7,"20,946"
SL8,"6,448"
SL9,"20,783"
SM1,"38,062"
SM2,"27,688"
SM3,"21,018"
SM4,"36,841"
SM5,"38,682"
SM6,"36,494"
SM7,"18,263"
SN1,"29,665"
SN10,"31,544"
SN11,"22,358"
SN12,"25,211"
SN13,"16,529"
SN14,"28,083"
SN15,"35,109"
SN16,"13,831"
SN2,"41,148"
SN25,"35,205"
SN26,"1,827"
SN3,"51,117"
SN4,"27,628"
SN5,"33,001"
SN6,"21,161"
SN7,"13,484"
SN8,"24,018"
SN9,"8,130"
SO14,"27,451"
SO15,"42,112"
SO16,"65,918"
SO17,"19,322"
SO18,"36,990"
SO19,"56,342"
SO20,"8,081"
SO21,"19,557"
SO22,"28,611"
SO23,"22,364"
SO24,"11,324"
SO30,"32,278"
SO31,"44,733"
SO32,"19,752"
SO40,"41,855"
SO41,"31,388"
SO42,"5,273"
SO43,"4,391"
SO45,"34,987"
SO50,"46,390"
SO51,"26,578"
SO52,"7,037"
SO53,"32,459"
SP1,"21,491"
SP10,"40,652"
SP11,"23,446"
SP2,"29,309"
SP3,"11,303"
SP4,"31,111"
SP5,"22,361"
SP6,"14,047"
SP7,"13,556"
SP8,"14,570"
SP9,"10,678"
SR1,"5,414"
SR2,"32,933"
SR3,"39,412"
SR4,"41,580"
SR5,"34,792"
SR6,"30,086"
SR7,"31,165"
SR8,"35,444"
SS0,"41,454"
SS1,"25,953"
SS11,"16,738"
SS12,"18,029"
SS13,"22,124"
SS14,"24,915"
SS15,"30,263"
SS16,"29,490"
SS17,"32,823"
SS2,"36,455"
SS3,"28,604"
SS4,"20,993"
SS5,"21,540"
SS6,"31,792"
SS7,"49,256"
SS8,"38,170"
SS9,"50,078"
ST1,"29,860"
ST10,"25,598"
ST11,"9,995"
ST12,"3,809"
ST13,"27,981"
ST14,"20,545"
ST15,"21,412"
ST16,"30,955"
ST17,"39,718"
ST18,"16,223"
ST19,"14,751"
ST2,"34,192"
ST20,"6,711"
ST21,"5,674"
ST3,"67,670"
ST4,"57,197"
ST5,"82,400"
ST6,"64,454"
ST7,"52,883"
ST8,"20,375"
ST9,"11,665"
SW10,"18,478"
SW11,"71,717"
SW12,"31,586"
SW13,"16,190"
SW14,"16,830"
SW15,"60,456"
SW16,"80,927"
SW17,"64,215"
SW18,"58,992"
SW19,"77,676"
SW1A,246
SW1E,919
SW1H,734
SW1P,"13,508"
SW1V,"22,574"
SW1W,"8,557"
SW1X,"6,026"
SW1Y,550
SW2,"54,331"
SW20,"28,275"
SW3,"22,170"
SW4,"39,586"
SW5,"15,493"
SW6,"65,149"
SW7,"19,852"
SW8,"36,408"
SW9,"43,399"
SY1,"26,536"
SY10,"14,663"
SY11,"27,014"
SY12,"8,250"
SY13,"19,549"
SY14,"5,644"
SY15,"5,199"
SY16,"16,232"
SY17,"3,553"
SY18,"4,648"
SY19,"1,169"
SY2,"17,535"
SY20,"6,921"
SY21,"16,250"
SY22,"9,534"
SY23,"30,858"
SY24,"4,663"
SY25,"4,343"
SY3,"33,785"
SY4,"24,540"
SY5,"21,288"
SY6,"6,554"
SY7,"11,884"
SY8,"18,633"
SY9,"2,895"
TA1,"39,473"
TA10,"9,270"
TA11,"9,166"
TA12,"6,353"
TA13,"3,973"
TA14,"2,986"
TA15,831
TA16,"1,979"
TA17,442
TA18,"10,039"
TA19,"11,688"
TA2,"26,524"
TA20,"20,332"
TA21,"18,155"
TA22,"2,619"
TA23,"5,681"
TA24,"18,650"
TA3,"14,412"
TA4,"18,849"
TA5,"10,155"
TA6,"46,320"
TA7,"14,982"
TA8,"16,938"
TA9,"12,380"
TD12,"1,163"
TD15,"17,161"
TF1,"37,144"
TF10,"18,398"
TF11,"9,907"
TF12,"5,609"
TF13,"3,696"
TF2,"38,813"
TF3,"23,954"
TF4,"18,198"
TF5,"5,346"
TF6,"4,997"
TF7,"17,631"
TF8,"2,903"
TF9,"25,465"
TN1,"11,247"
TN10,"16,283"
TN11,"13,872"
TN12,"29,475"
TN13,"24,993"
TN14,"14,970"
TN15,"24,338"
TN16,"19,293"
TN17,"14,720"
TN18,"6,612"
TN19,"5,000"
TN2,"28,428"
TN20,"3,718"
TN21,"15,983"
TN22,"26,183"
TN23,"39,896"
TN24,"31,619"
TN25,"15,556"
TN26,"11,182"
TN27,"12,404"
TN28,"8,455"
TN29,"13,757"
TN3,"11,722"
TN30,"9,307"
TN31,"13,542"
TN32,"5,238"
TN33,"12,745"
TN34,"29,691"
TN35,"17,207"
TN36,"2,303"
TN37,"20,561"
TN38,"29,035"
TN39,"25,768"
TN4,"32,239"
TN40,"17,422"
TN5,"8,756"
TN6,"24,430"
TN7,"2,151"
TN8,"12,680"
TN9,"18,035"
TQ1,"31,701"
TQ10,"4,029"
TQ11,"4,133"
TQ12,"52,994"
TQ13,"23,134"
TQ14,"19,461"
TQ2,"33,544"
TQ3,"30,368"
TQ4,"18,647"
TQ5,"19,304"
TQ6,"8,267"
TQ7,"16,492"
TQ8,"2,071"
TQ9,"17,259"
TR1,"20,534"
TR10,"11,258"
TR11,"28,826"
TR12,"9,584"
TR13,"19,823"
TR14,"24,632"
TR15,"20,094"
TR16,"14,160"
TR17,"1,447"
TR18,"19,872"
TR19,"9,033"
TR2,"9,465"
TR20,"9,293"
TR21,"1,723"
TR22,169
TR24,175
TR25,136
TR26,"11,642"
TR27,"14,766"
TR3,"12,399"
TR4,"11,047"
TR5,"3,884"
TR6,"3,516"
TR7,"20,189"
TR8,"7,973"
TR9,"8,224"
TS1,"17,202"
TS10,"37,073"
TS11,"11,945"
TS12,"22,514"
TS13,"10,369"
TS14,"17,627"
TS15,"12,802"
TS16,"10,449"
TS17,"45,119"
TS18,"24,877"
TS19,"37,115"
TS2,773
TS20,"20,737"
TS21,"12,670"
TS22,"8,506"
TS23,"30,225"
TS24,"21,840"
TS25,"38,827"
TS26,"25,450"
TS27,"12,327"
TS28,"5,277"
TS29,"6,266"
TS3,"29,653"
TS4,"17,229"
TS5,"39,717"
TS6,"30,350"
TS7,"21,787"
TS8,"21,011"
TS9,"12,737"
TW1,"25,392"
TW10,"19,152"
TW11,"23,410"
TW12,"23,010"
TW13,"36,258"
TW14,"28,023"
TW15,"27,462"
TW16,"20,143"
TW17,"14,242"
TW18,"26,173"
TW19,"16,019"
TW2,"30,645"
TW20,"24,845"
TW3,"40,168"
TW4,"27,229"
TW5,"29,463"
TW7,"37,540"
TW8,"19,667"
TW9,"21,631"
UB1,"40,374"
UB10,"33,494"
UB2,"32,239"
UB3,"48,133"
UB4,"39,616"
UB5,"45,955"
UB6,"51,364"
UB7,"29,652"
UB8,"36,604"
UB9,"14,538"
W10,"34,202"
W11,"31,499"
W12,"48,949"
W13,"32,411"
W14,"37,480"
W1B,508
W1D,"1,544"
W1F,"1,510"
W1G,"2,931"
W1H,"6,289"
W1J,"1,528"
W1K,"3,015"
W1S,151
W1T,"4,060"
W1U,"5,651"
W1W,"4,434"
W2,"48,372"
W3,"52,419"
W4,"44,018"
W5,"49,943"
W6,"35,728"
W7,"28,959"
W8,"20,536"
W9,"37,569"
WA1,"21,533"
WA10,"38,648"
WA11,"40,516"
WA12,"22,033"
WA13,"12,830"
WA14,"27,690"
WA15,"42,664"
WA16,"23,544"
WA2,"40,792"
WA3,"47,757"
WA4,"46,673"
WA5,"58,500"
WA6,"18,925"
WA7,"63,271"
WA8,"61,934"
WA9,"48,870"
WC1A,545
WC1B,"1,667"
WC1E,"2,282"
WC1H,"8,328"
WC1N,"7,295"
WC1R,630
WC1V,960
WC1X,"7,953"
WC2B,"1,907"
WC2E,905
WC2H,"2,491"
WC2N,"1,032"
WD17,"15,787"
WD18,"24,334"
WD19,"27,375"
WD23,"25,640"
WD24,"21,615"
WD25,"27,808"
WD3,"40,666"
WD4,"11,252"
WD5,"11,497"
WD6,"37,545"
WD7,"12,469"
WF1,"33,897"
WF10,"45,457"
WF11,"16,984"
WF12,"33,976"
WF13,"27,462"
WF14,"19,563"
WF15,"17,697"
WF16,"12,623"
WF17,"43,719"
WF2,"51,023"
WF3,"32,594"
WF4,"43,308"
WF5,"21,231"
WF6,"21,317"
WF7,"20,185"
WF8,"32,376"
WF9,"39,245"
WN1,"20,039"
WN2,"52,772"
WN3,"29,926"
WN4,"28,762"
WN5,"43,781"
WN6,"39,852"
WN7,"47,382"
WN8,"45,969"
WR1,"8,955"
WR10,"17,726"
WR11,"41,614"
WR12,"5,436"
WR13,"8,195"
WR14,"34,207"
WR15,"7,098"
WR2,"29,899"
WR3,"20,472"
WR4,"26,036"
WR5,"31,154"
WR6,"12,091"
WR7,"4,984"
WR8,"8,519"
WR9,"31,028"
WS1,"27,271"
WS10,"46,711"
WS11,"42,593"
WS12,"35,408"
WS13,"26,628"
WS14,"17,105"
WS15,"36,552"
WS2,"38,754"
WS3,"50,097"
WS4,"16,805"
WS5,"21,467"
WS6,"18,183"
WS7,"29,867"
WS8,"15,586"
WS9,"26,660"
WV1,"16,539"
WV10,"56,394"
WV11,"34,571"
WV12,"25,649"
WV13,"20,638"
WV14,"47,169"
WV15,"7,939"
WV16,"17,290"
WV2,"14,720"
WV3,"28,971"
WV4,"35,122"
WV5,"15,883"
WV6,"44,995"
WV7,"7,166"
WV8,"15,580"
WV9,"7,231"
YO1,"4,514"
YO10,"30,493"
YO11,"22,899"
YO12,"40,844"
YO13,"10,111"
YO14,"11,256"
YO15,"13,739"
YO16,"25,475"
YO17,"21,214"
YO18,"10,760"
YO19,"12,914"
YO21,"14,132"
YO22,"8,728"
YO23,"19,324"
YO24,"29,656"
YO25,"33,310"
YO26,"30,202"
YO30,"26,611"
YO31,"30,239"
YO32,"28,270"
YO41,"10,837"
YO42,"14,559"
YO43,"12,288"
YO51,"5,533"
YO60,"4,741"
YO61,"14,004"
YO62,"12,060"
YO7,"19,997"
YO8,"43,729"
CF10,"14,616"
CF11,"36,058"
CF14,"77,856"
CF15,"17,823"
CF23,"47,027"
CF24,"55,860"
CF3,"42,223"
CF31,"44,883"
CF32,"29,905"
CF33,"14,464"
CF34,"20,612"
CF35,"16,152"
CF36,"16,005"
CF37,"38,323"
CF38,"23,277"
CF39,"28,926"
CF40,"20,588"
CF41,"10,755"
CF42,"13,421"
CF43,"11,884"
CF44,"39,211"
CF45,"19,553"
CF46,"14,280"
CF47,"21,886"
CF48,"27,283"
CF5,"66,024"
CF61,"9,983"
CF62,"41,446"
CF63,"21,924"
CF64,"36,574"
CF71,"9,049"
CF72,"25,557"
CF81,"16,431"
CF82,"20,233"
CF83,"55,242"
LD1,"11,341"
LD2,"5,688"
LD3,"19,241"
LD4,769
LD5,"1,106"
LD6,"2,681"
LD7,"4,812"
LD8,"4,154"
LL11,"38,337"
LL12,"28,326"
LL13,"34,865"
LL14,"33,424"
LL15,"10,832"
LL16,"15,848"
LL17,"5,276"
LL18,"40,552"
LL19,"19,924"
LL20,"8,317"
LL21,"6,066"
LL22,"17,700"
LL23,"4,362"
LL24,"1,939"
LL25,474
LL26,"4,577"
LL27,783
LL28,"14,157"
LL29,"20,327"
LL30,"21,886"
LL31,"9,473"
LL32,"6,518"
LL33,"3,877"
LL34,"4,353"
LL35,878
LL36,"4,675"
LL37,526
LL38,721
LL39,310
LL40,"4,132"
LL41,"6,479"
LL42,"2,522"
LL43,467
LL44,"1,073"
LL45,645
LL46,"1,900"
LL47,550
LL48,"2,587"
LL49,"4,651"
LL51,630
LL52,"2,652"
LL53,"17,223"
LL54,"11,242"
LL55,"21,693"
LL56,"2,284"
LL57,"27,683"
LL58,"3,858"
LL59,"5,630"
LL60,"3,149"
LL61,"6,051"
LL62,"1,704"
LL63,"1,370"
LL64,"1,008"
LL65,"23,674"
LL67,"1,357"
LL68,"6,385"
LL69,595
LL70,354
LL71,"1,726"
LL72,710
LL73,254
LL74,"2,236"
LL75,"1,491"
LL76,324
LL77,"7,366"
LL78,509
NP10,"23,201"
NP11,"37,796"
NP12,"33,524"
NP13,"19,827"
NP15,"7,866"
NP16,"23,955"
NP18,"17,277"
NP19,"51,623"
NP20,"50,789"
NP22,"22,024"
NP23,"33,505"
NP24,"4,966"
NP25,"15,164"
NP26,"22,521"
NP4,"45,537"
NP44,"47,175"
NP7,"26,071"
NP8,"5,547"
SA1,"47,081"
SA10,"29,827"
SA11,"36,588"
SA12,"32,658"
SA13,"19,663"
SA14,"33,963"
SA15,"36,736"
SA16,"8,547"
SA17,"9,407"
SA18,"29,687"
SA19,"9,394"
SA2,"38,386"
SA20,"3,574"
SA3,"26,235"
SA31,"16,923"
SA32,"7,758"
SA33,"12,346"
SA34,"5,398"
SA35,715
SA36,395
SA37,"1,287"
SA38,"4,761"
SA39,"2,321"
SA4,"44,356"
SA40,"3,580"
SA41,"1,882"
SA42,"2,306"
SA43,"12,535"
SA44,"11,490"
SA45,"1,730"
SA46,"2,732"
SA47,"1,250"
SA48,"8,951"
SA5,"36,460"
SA6,"34,182"
SA61,"14,262"
SA62,"21,332"
SA63,"1,112"
SA64,"2,462"
SA65,"4,379"
SA66,"3,021"
SA67,"6,930"
SA68,"4,305"
SA69,"3,534"
SA7,"15,118"
SA70,"9,731"
SA71,"10,272"
SA72,"10,581"
SA73,"20,354"
SA8,"12,556"
SA9,"15,179"
